<?xml version="1.0" encoding="UTF-8"?>
<java version="1.8.0_201" class="java.beans.XMLDecoder">
 <object class="Level2Chars.Sprite2">
  <void property="height">
   <double>99.0</double>
  </void>
  <void property="location">
   <int>1</int>
  </void>
  <void property="positionX">
   <double>50.0</double>
  </void>
  <void property="positionY">
   <double>410.0</double>
  </void>
  <void property="rank">
   <int>5</int>
  </void>
  <void property="width">
   <double>50.0</double>
  </void>
 </object>
 <object class="Level2Chars.Sprite2">
  <void property="height">
   <double>99.0</double>
  </void>
  <void property="location">
   <int>1</int>
  </void>
  <void property="positionX">
   <double>200.0</double>
  </void>
  <void property="positionY">
   <double>410.0</double>
  </void>
  <void property="width">
   <double>50.0</double>
  </void>
 </object>
 <object class="Level2Chars.Sprite2">
  <void property="height">
   <double>99.0</double>
  </void>
  <void property="location">
   <int>4</int>
  </void>
  <void property="positionX">
   <double>350.0</double>
  </void>
  <void property="positionY">
   <double>100.0</double>
  </void>
  <void property="width">
   <double>50.0</double>
  </void>
 </object>
 <object class="Level2Chars.Sprite2">
  <void property="height">
   <double>99.0</double>
  </void>
  <void property="location">
   <int>1</int>
  </void>
  <void property="positionX">
   <double>500.0</double>
  </void>
  <void property="positionY">
   <double>410.0</double>
  </void>
  <void property="width">
   <double>50.0</double>
  </void>
 </object>
 <object class="Level2Chars.Sprite2">
  <void property="height">
   <double>44.0</double>
  </void>
  <void property="location">
   <int>4</int>
  </void>
  <void property="positionX">
   <double>100.0</double>
  </void>
  <void property="positionY">
   <double>100.0</double>
  </void>
  <void property="width">
   <double>50.0</double>
  </void>
 </object>
 <object class="Level2Chars.Sprite2">
  <void property="height">
   <double>147.0</double>
  </void>
  <void property="location">
   <int>1</int>
  </void>
  <void property="positionX">
   <double>350.0</double>
  </void>
  <void property="positionY">
   <double>260.0</double>
  </void>
  <void property="width">
   <double>150.0</double>
  </void>
 </object>
</java>
